rule,lang,type,nX,nY,a,b,c,d,PYgX,PYgXn,delta,OR,S,classe
java:S1854,java,Library/Project,163,197,64,99,133,251,0.3926,0.3464,0.0463,1.22,163,coocorrencia_completa
java:S1854,java,Undefined Variables,172,197,60,112,137,238,0.3488,0.3653,-0.0165,0.931,172,coocorrencia_completa
java:S1854,java,Behavior Conflicting,129,197,47,82,150,268,0.3643,0.3589,0.0055,1.024,129,coocorrencia_completa
java:S1854,java,Useless Statements (executed without effect),67,197,22,45,175,305,0.3284,0.3646,-0.0362,0.852,67,coocorrencia_completa
java:S1854,java,Algorithm,41,197,17,24,180,326,0.4146,0.3557,0.0589,1.283,41,coocorrencia_completa
java:S1144,java,Library/Project,163,32,15,148,17,367,0.092,0.0443,0.0478,2.188,32,coocorrencia_completa
python:S1172,python,Behavior Conflicting,291,33,12,279,21,275,0.0412,0.0709,-0.0297,0.563,33,coocorrencia_completa
python:S1172,python,Library/Project,146,33,10,136,23,418,0.0685,0.0522,0.0163,1.336,33,coocorrencia_completa
python:S3776,python,Library/Project,146,13,9,137,4,437,0.0616,0.0091,0.0526,7.177,13,coocorrencia_completa
java:S1144,java,Undefined Variables,172,32,8,164,24,351,0.0465,0.064,-0.0175,0.713,32,coocorrencia_completa
python:S117,python,Behavior Conflicting,291,8,7,284,1,295,0.0241,0.0034,0.0207,7.271,8,coocorrencia_completa
python:S1542,python,Behavior Conflicting,291,14,7,284,7,289,0.0241,0.0236,0.0004,1.018,14,coocorrencia_completa
java:S106,java,Useless Statements (executed without effect),67,10,6,61,4,476,0.0896,0.0083,0.0812,11.705,10,coocorrencia_completa
java:S1168,java,Behavior Conflicting,129,10,6,123,4,414,0.0465,0.0096,0.0369,5.049,10,coocorrencia_completa
java:S3776,java,Library/Project,163,8,6,157,2,382,0.0368,0.0052,0.0316,7.299,8,coocorrencia_completa
java:S3012,java,Behavior Conflicting,129,8,5,124,3,415,0.0388,0.0072,0.0316,5.578,8,coocorrencia_completa
java:S1144,java,Behavior Conflicting,129,32,5,124,27,391,0.0388,0.0646,-0.0258,0.584,32,coocorrencia_completa
java:S1172,java,Undefined Variables,172,10,5,167,5,370,0.0291,0.0133,0.0157,2.216,10,coocorrencia_completa
python:S3776,python,Behavior Conflicting,291,13,5,286,8,288,0.0172,0.027,-0.0098,0.629,13,coocorrencia_completa
java:S1144,java,Algorithm,41,32,4,37,28,478,0.0976,0.0553,0.0422,1.846,32,coocorrencia_completa
java:S1197,java,Undefined Variables,172,5,4,168,1,374,0.0233,0.0027,0.0206,8.905,5,coocorrencia_completa
java:S1172,java,Behavior Conflicting,129,10,4,125,6,412,0.031,0.0144,0.0167,2.197,10,coocorrencia_completa
java:S1854,java,Common Sense,3,197,3,0,194,350,1.0,0.3566,0.6434,inf,3,coocorrencia_celula_zero
python:S1172,python,Algorithm,19,33,3,16,30,538,0.1579,0.0528,0.1051,3.362,19,coocorrencia_completa
python:S1542,python,Computer Theory,26,14,3,23,11,550,0.1154,0.0196,0.0958,6.522,14,coocorrencia_completa
java:S1168,java,Algorithm,41,10,3,38,7,499,0.0732,0.0138,0.0593,5.628,10,coocorrencia_completa
python:S1172,python,Undefined Variables,28,33,3,25,30,529,0.1071,0.0537,0.0535,2.116,28,coocorrencia_completa
python:S1481,python,Data Conflicting,49,11,3,46,8,530,0.0612,0.0149,0.0464,4.321,11,coocorrencia_completa
python:S1481,python,Behavior Conflicting,291,11,3,288,8,288,0.0103,0.027,-0.0167,0.375,11,coocorrencia_completa
java:S1488,java,Behavior Conflicting,129,8,3,126,5,413,0.0233,0.012,0.0113,1.967,8,coocorrencia_completa
python:S1172,python,Data Conflicting,49,33,3,46,30,508,0.0612,0.0558,0.0055,1.104,33,coocorrencia_completa
java:S1488,java,Library/Project,163,8,3,160,5,379,0.0184,0.013,0.0054,1.421,8,coocorrencia_completa
python:S1481,python,Library/Project,146,11,3,143,8,433,0.0205,0.0181,0.0024,1.135,11,coocorrencia_completa
python:S1226,python,Algorithm,19,3,2,17,1,567,0.1053,0.0018,0.1035,66.706,3,coocorrencia_completa
java:S3012,java,Algorithm,41,8,2,39,6,500,0.0488,0.0119,0.0369,4.274,8,coocorrencia_completa
python:S1172,python,Computer Theory,26,33,2,24,31,530,0.0769,0.0553,0.0217,1.425,26,coocorrencia_completa
java:S1149,java,Behavior Conflicting,129,2,2,127,0,418,0.0155,0.0,0.0155,inf,2,coocorrencia_celula_zero
java:S125,java,Behavior Conflicting,129,2,2,127,0,418,0.0155,0.0,0.0155,inf,2,coocorrencia_celula_zero
python:S1542,python,Library/Project,146,14,2,144,12,429,0.0137,0.0272,-0.0135,0.497,14,coocorrencia_completa
java:S1172,java,Useless Statements (executed without effect),67,10,2,65,8,472,0.0299,0.0167,0.0132,1.815,10,coocorrencia_completa
java:S112,java,Library/Project,163,2,2,161,0,384,0.0123,0.0,0.0123,inf,2,coocorrencia_celula_zero
java:S2293,java,Library/Project,163,2,2,161,0,384,0.0123,0.0,0.0123,inf,2,coocorrencia_celula_zero
java:S106,java,Undefined Variables,172,10,2,170,8,367,0.0116,0.0213,-0.0097,0.54,10,coocorrencia_completa
python:S1854,python,Library/Project,146,4,2,144,2,439,0.0137,0.0045,0.0092,3.049,4,coocorrencia_completa
java:S1172,java,Library/Project,163,10,2,161,8,376,0.0123,0.0208,-0.0086,0.584,10,coocorrencia_completa
java:S1488,java,Undefined Variables,172,8,2,170,6,369,0.0116,0.016,-0.0044,0.724,8,coocorrencia_completa
java:S3776,java,Undefined Variables,172,8,2,170,6,369,0.0116,0.016,-0.0044,0.724,8,coocorrencia_completa
java:S106,java,Behavior Conflicting,129,10,2,127,8,410,0.0155,0.0191,-0.0036,0.807,10,coocorrencia_completa
python:S112,python,Behavior Conflicting,291,3,2,289,1,295,0.0069,0.0034,0.0035,2.042,3,coocorrencia_completa
python:S1226,python,Behavior Conflicting,291,3,2,289,1,295,0.0069,0.0034,0.0035,2.042,3,coocorrencia_completa
python:S2190,python,Behavior Conflicting,291,3,2,289,1,295,0.0069,0.0034,0.0035,2.042,3,coocorrencia_completa
java:S1488,java,Data Conflicting,1,8,1,0,7,539,1.0,0.0128,0.9872,inf,1,coocorrencia_celula_zero
java:S1854,java,Computer Theory,1,197,1,0,196,350,1.0,0.359,0.641,inf,1,coocorrencia_celula_zero
java:S1854,java,Data Conflicting,1,197,1,0,196,350,1.0,0.359,0.641,inf,1,coocorrencia_celula_zero
java:S1126,java,Fragmented Logics,2,5,1,1,4,541,0.5,0.0073,0.4927,135.25,2,coocorrencia_completa
java:S1126,java,Common Sense,3,5,1,2,4,540,0.3333,0.0074,0.326,67.5,3,coocorrencia_completa
python:S1854,python,Useless Statements (executed without effect),4,4,1,3,3,580,0.25,0.0051,0.2449,64.444,4,coocorrencia_completa
python:S1481,python,Useless Statements (executed without effect),4,11,1,3,10,573,0.25,0.0172,0.2328,19.1,4,coocorrencia_completa
python:S1542,python,Useless Statements (executed without effect),4,14,1,3,13,570,0.25,0.0223,0.2277,14.615,4,coocorrencia_completa
python:S1172,python,Useless Statements (executed without effect),4,33,1,3,32,551,0.25,0.0549,0.1951,5.74,4,coocorrencia_completa
python:S2190,python,Useless Statements (unexecuted),7,3,1,6,2,578,0.1429,0.0034,0.1394,48.167,3,coocorrencia_completa
python:S1542,python,Useless Statements (unexecuted),7,14,1,6,13,567,0.1429,0.0224,0.1204,7.269,7,coocorrencia_completa
python:S1172,python,Useless Statements (unexecuted),7,33,1,6,32,548,0.1429,0.0552,0.0877,2.854,7,coocorrencia_completa
python:S1871,python,Mathematics & Natural Science,17,2,1,16,1,569,0.0588,0.0018,0.0571,35.562,2,coocorrencia_completa
python:S1656,python,Algorithm,19,1,1,18,0,568,0.0526,0.0,0.0526,inf,1,coocorrencia_celula_zero
python:S5603,python,Fragmented Logics,19,1,1,18,0,568,0.0526,0.0,0.0526,inf,1,coocorrencia_celula_zero
python:S5756,python,Algorithm,19,1,1,18,0,568,0.0526,0.0,0.0526,inf,1,coocorrencia_celula_zero
java:S1144,java,Useless Statements (executed without effect),67,32,1,66,31,449,0.0149,0.0646,-0.0497,0.219,32,coocorrencia_completa
python:S5855,python,Computer Theory,26,1,1,25,0,561,0.0385,0.0,0.0385,inf,1,coocorrencia_celula_zero
python:S5869,python,Computer Theory,26,1,1,25,0,561,0.0385,0.0,0.0385,inf,1,coocorrencia_celula_zero
python:S6395,python,Computer Theory,26,1,1,25,0,561,0.0385,0.0,0.0385,inf,1,coocorrencia_celula_zero
python:S6397,python,Computer Theory,26,1,1,25,0,561,0.0385,0.0,0.0385,inf,1,coocorrencia_celula_zero
python:S6353,python,Computer Theory,26,2,1,25,1,560,0.0385,0.0018,0.0367,22.4,2,coocorrencia_completa
python:S2275,python,Undefined Variables,28,1,1,27,0,559,0.0357,0.0,0.0357,inf,1,coocorrencia_celula_zero
python:S1481,python,Algorithm,19,11,1,18,10,558,0.0526,0.0176,0.035,3.1,11,coocorrencia_completa
python:S1854,python,Computer Theory,26,4,1,25,3,558,0.0385,0.0053,0.0331,7.44,4,coocorrencia_completa
python:S3776,python,Fragmented Logics,19,13,1,18,12,556,0.0526,0.0211,0.0315,2.574,13,coocorrencia_completa
python:S117,python,Computer Theory,26,8,1,25,7,554,0.0385,0.0125,0.026,3.166,8,coocorrencia_completa
java:S6201,java,Algorithm,41,2,1,40,1,505,0.0244,0.002,0.0224,12.625,2,coocorrencia_completa
python:S1066,python,Data Conflicting,49,1,1,48,0,538,0.0204,0.0,0.0204,inf,1,coocorrencia_celula_zero
java:S1168,java,Undefined Variables,172,10,1,171,9,366,0.0058,0.024,-0.0182,0.238,10,coocorrencia_completa
java:S1905,java,Useless Statements (executed without effect),67,1,1,66,0,480,0.0149,0.0,0.0149,inf,1,coocorrencia_celula_zero
java:S2189,java,Useless Statements (executed without effect),67,1,1,66,0,480,0.0149,0.0,0.0149,inf,1,coocorrencia_celula_zero
java:S1135,java,Useless Statements (executed without effect),67,2,1,66,1,479,0.0149,0.0021,0.0128,7.258,2,coocorrencia_completa
java:S125,java,Useless Statements (executed without effect),67,2,1,66,1,479,0.0149,0.0021,0.0128,7.258,2,coocorrencia_completa
java:S3012,java,Library/Project,163,8,1,162,7,377,0.0061,0.0182,-0.0121,0.332,8,coocorrencia_completa
java:S3740,java,Behavior Conflicting,129,1,1,128,0,418,0.0078,0.0,0.0078,inf,1,coocorrencia_celula_zero
java:S5738,java,Behavior Conflicting,129,1,1,128,0,418,0.0078,0.0,0.0078,inf,1,coocorrencia_celula_zero
python:S1862,python,Library/Project,146,1,1,145,0,441,0.0068,0.0,0.0068,inf,1,coocorrencia_celula_zero
python:S3923,python,Library/Project,146,1,1,145,0,441,0.0068,0.0,0.0068,inf,1,coocorrencia_celula_zero
python:S6326,python,Library/Project,146,1,1,145,0,441,0.0068,0.0,0.0068,inf,1,coocorrencia_celula_zero
python:S930,python,Library/Project,146,1,1,145,0,441,0.0068,0.0,0.0068,inf,1,coocorrencia_celula_zero
java:S1126,java,Useless Statements (executed without effect),67,5,1,66,4,476,0.0149,0.0083,0.0066,1.803,5,coocorrencia_completa
java:S1066,java,Library/Project,163,1,1,162,0,384,0.0061,0.0,0.0061,inf,1,coocorrencia_celula_zero
java:S117,java,Library/Project,163,1,1,162,0,384,0.0061,0.0,0.0061,inf,1,coocorrencia_celula_zero
java:S1192,java,Library/Project,163,1,1,162,0,384,0.0061,0.0,0.0061,inf,1,coocorrencia_celula_zero
java:S1481,java,Library/Project,163,1,1,162,0,384,0.0061,0.0,0.0061,inf,1,coocorrencia_celula_zero
java:S1659,java,Library/Project,163,1,1,162,0,384,0.0061,0.0,0.0061,inf,1,coocorrencia_celula_zero
java:S6208,java,Library/Project,163,1,1,162,0,384,0.0061,0.0,0.0061,inf,1,coocorrencia_celula_zero
java:S1206,java,Undefined Variables,172,1,1,171,0,375,0.0058,0.0,0.0058,inf,1,coocorrencia_celula_zero
java:S1604,java,Undefined Variables,172,1,1,171,0,375,0.0058,0.0,0.0058,inf,1,coocorrencia_celula_zero
java:S2259,java,Undefined Variables,172,1,1,171,0,375,0.0058,0.0,0.0058,inf,1,coocorrencia_celula_zero
java:S3626,java,Undefined Variables,172,1,1,171,0,375,0.0058,0.0,0.0058,inf,1,coocorrencia_celula_zero
java:S2129,java,Behavior Conflicting,129,2,1,128,1,417,0.0078,0.0024,0.0054,3.258,2,coocorrencia_completa
java:S1126,java,Undefined Variables,172,5,1,171,4,371,0.0058,0.0107,-0.0049,0.542,5,coocorrencia_completa
java:S1197,java,Library/Project,163,5,1,162,4,380,0.0061,0.0104,-0.0043,0.586,5,coocorrencia_completa
java:S1135,java,Library/Project,163,2,1,162,1,383,0.0061,0.0026,0.0035,2.364,2,coocorrencia_completa
java:S135,java,Library/Project,163,2,1,162,1,383,0.0061,0.0026,0.0035,2.364,2,coocorrencia_completa
java:S6201,java,Library/Project,163,2,1,162,1,383,0.0061,0.0026,0.0035,2.364,2,coocorrencia_completa
python:S1192,python,Behavior Conflicting,291,1,1,290,0,296,0.0034,0.0,0.0034,inf,1,coocorrencia_celula_zero
python:S1656,python,Behavior Conflicting,291,1,1,290,0,296,0.0034,0.0,0.0034,inf,1,coocorrencia_celula_zero
python:S3358,python,Behavior Conflicting,291,1,1,290,0,296,0.0034,0.0,0.0034,inf,1,coocorrencia_celula_zero
python:S3457,python,Behavior Conflicting,291,1,1,290,0,296,0.0034,0.0,0.0034,inf,1,coocorrencia_celula_zero
python:S5603,python,Behavior Conflicting,291,1,1,290,0,296,0.0034,0.0,0.0034,inf,1,coocorrencia_celula_zero
python:S5806,python,Behavior Conflicting,291,1,1,290,0,296,0.0034,0.0,0.0034,inf,1,coocorrencia_celula_zero
java:S135,java,Undefined Variables,172,2,1,171,1,374,0.0058,0.0027,0.0031,2.187,2,coocorrencia_completa
java:S2129,java,Undefined Variables,172,2,1,171,1,374,0.0058,0.0027,0.0031,2.187,2,coocorrencia_completa
java:S2293,java,Undefined Variables,172,2,1,171,1,374,0.0058,0.0027,0.0031,2.187,2,coocorrencia_completa
python:S1172,python,Mathematics & Natural Science,17,33,1,16,32,538,0.0588,0.0561,0.0027,1.051,17,coocorrencia_completa
python:S112,python,Library/Project,146,3,1,145,2,439,0.0068,0.0045,0.0023,1.514,3,coocorrencia_completa
java:S1126,java,Behavior Conflicting,129,5,1,128,4,414,0.0078,0.0096,-0.0018,0.809,5,coocorrencia_completa
java:S1488,java,Useless Statements (executed without effect),67,8,1,66,7,473,0.0149,0.0146,0.0003,1.024,8,coocorrencia_completa
python:S1871,python,Behavior Conflicting,291,2,1,290,1,295,0.0034,0.0034,0.0001,1.017,2,coocorrencia_completa
python:S6353,python,Behavior Conflicting,291,2,1,290,1,295,0.0034,0.0034,0.0001,1.017,2,coocorrencia_completa
java:S1854,java,Fragmented Logics,2,197,0,2,197,348,0.0,0.3615,-0.3615,0.0,2,sem_coocorrencia
java:S1144,java,Common Sense,3,32,0,3,32,512,0.0,0.0588,-0.0588,0.0,3,sem_coocorrencia
java:S1144,java,Fragmented Logics,2,32,0,2,32,513,0.0,0.0587,-0.0587,0.0,2,sem_coocorrencia
java:S1144,java,Computer Theory,1,32,0,1,32,514,0.0,0.0586,-0.0586,0.0,1,sem_coocorrencia
java:S1144,java,Data Conflicting,1,32,0,1,32,514,0.0,0.0586,-0.0586,0.0,1,sem_coocorrencia
python:S1172,python,Fragmented Logics,19,33,0,19,33,535,0.0,0.0581,-0.0581,0.0,19,sem_coocorrencia
python:S1172,python,Inconsistent Libraries,2,33,0,2,33,552,0.0,0.0564,-0.0564,0.0,2,sem_coocorrencia
java:S106,java,Library/Project,163,10,0,163,10,374,0.0,0.026,-0.026,0.0,10,sem_coocorrencia
java:S1168,java,Library/Project,163,10,0,163,10,374,0.0,0.026,-0.026,0.0,10,sem_coocorrencia
python:S1542,python,Data Conflicting,49,14,0,49,14,524,0.0,0.026,-0.026,0.0,14,sem_coocorrencia
python:S1542,python,Undefined Variables,28,14,0,28,14,545,0.0,0.025,-0.025,0.0,14,sem_coocorrencia
python:S1542,python,Algorithm,19,14,0,19,14,554,0.0,0.0246,-0.0246,0.0,14,sem_coocorrencia
python:S1542,python,Fragmented Logics,19,14,0,19,14,554,0.0,0.0246,-0.0246,0.0,14,sem_coocorrencia
python:S1542,python,Mathematics & Natural Science,17,14,0,17,14,556,0.0,0.0246,-0.0246,0.0,14,sem_coocorrencia
python:S3776,python,Data Conflicting,49,13,0,49,13,525,0.0,0.0242,-0.0242,0.0,13,sem_coocorrencia
python:S1542,python,Inconsistent Libraries,2,14,0,2,14,571,0.0,0.0239,-0.0239,0.0,2,sem_coocorrencia
python:S3776,python,Undefined Variables,28,13,0,28,13,546,0.0,0.0233,-0.0233,0.0,13,sem_coocorrencia
python:S3776,python,Computer Theory,26,13,0,26,13,548,0.0,0.0232,-0.0232,0.0,13,sem_coocorrencia
python:S3776,python,Algorithm,19,13,0,19,13,555,0.0,0.0229,-0.0229,0.0,13,sem_coocorrencia
python:S3776,python,Mathematics & Natural Science,17,13,0,17,13,557,0.0,0.0228,-0.0228,0.0,13,sem_coocorrencia
python:S3776,python,Useless Statements (unexecuted),7,13,0,7,13,567,0.0,0.0224,-0.0224,0.0,7,sem_coocorrencia
python:S3776,python,Useless Statements (executed without effect),4,13,0,4,13,570,0.0,0.0223,-0.0223,0.0,4,sem_coocorrencia
python:S3776,python,Inconsistent Libraries,2,13,0,2,13,572,0.0,0.0222,-0.0222,0.0,2,sem_coocorrencia
java:S3012,java,Undefined Variables,172,8,0,172,8,367,0.0,0.0213,-0.0213,0.0,8,sem_coocorrencia
java:S1168,java,Useless Statements (executed without effect),67,10,0,67,10,470,0.0,0.0208,-0.0208,0.0,10,sem_coocorrencia
java:S106,java,Algorithm,41,10,0,41,10,496,0.0,0.0198,-0.0198,0.0,10,sem_coocorrencia
java:S1172,java,Algorithm,41,10,0,41,10,496,0.0,0.0198,-0.0198,0.0,10,sem_coocorrencia
python:S1481,python,Undefined Variables,28,11,0,28,11,548,0.0,0.0197,-0.0197,0.0,11,sem_coocorrencia
python:S1481,python,Computer Theory,26,11,0,26,11,550,0.0,0.0196,-0.0196,0.0,11,sem_coocorrencia
python:S1481,python,Fragmented Logics,19,11,0,19,11,557,0.0,0.0194,-0.0194,0.0,11,sem_coocorrencia
python:S1481,python,Mathematics & Natural Science,17,11,0,17,11,559,0.0,0.0193,-0.0193,0.0,11,sem_coocorrencia
java:S3776,java,Behavior Conflicting,129,8,0,129,8,410,0.0,0.0191,-0.0191,0.0,8,sem_coocorrencia
python:S1481,python,Useless Statements (unexecuted),7,11,0,7,11,569,0.0,0.019,-0.019,0.0,7,sem_coocorrencia
python:S1481,python,Inconsistent Libraries,2,11,0,2,11,574,0.0,0.0188,-0.0188,0.0,2,sem_coocorrencia
java:S106,java,Common Sense,3,10,0,3,10,534,0.0,0.0184,-0.0184,0.0,3,sem_coocorrencia
java:S1168,java,Common Sense,3,10,0,3,10,534,0.0,0.0184,-0.0184,0.0,3,sem_coocorrencia
java:S1172,java,Common Sense,3,10,0,3,10,534,0.0,0.0184,-0.0184,0.0,3,sem_coocorrencia
java:S106,java,Computer Theory,1,10,0,1,10,536,0.0,0.0183,-0.0183,0.0,1,sem_coocorrencia
java:S106,java,Data Conflicting,1,10,0,1,10,536,0.0,0.0183,-0.0183,0.0,1,sem_coocorrencia
java:S106,java,Fragmented Logics,2,10,0,2,10,535,0.0,0.0183,-0.0183,0.0,2,sem_coocorrencia
java:S1168,java,Computer Theory,1,10,0,1,10,536,0.0,0.0183,-0.0183,0.0,1,sem_coocorrencia
java:S1168,java,Data Conflicting,1,10,0,1,10,536,0.0,0.0183,-0.0183,0.0,1,sem_coocorrencia
java:S1168,java,Fragmented Logics,2,10,0,2,10,535,0.0,0.0183,-0.0183,0.0,2,sem_coocorrencia
java:S1172,java,Computer Theory,1,10,0,1,10,536,0.0,0.0183,-0.0183,0.0,1,sem_coocorrencia
java:S1172,java,Data Conflicting,1,10,0,1,10,536,0.0,0.0183,-0.0183,0.0,1,sem_coocorrencia
java:S1172,java,Fragmented Logics,2,10,0,2,10,535,0.0,0.0183,-0.0183,0.0,2,sem_coocorrencia
python:S117,python,Library/Project,146,8,0,146,8,433,0.0,0.0181,-0.0181,0.0,8,sem_coocorrencia
java:S3012,java,Useless Statements (executed without effect),67,8,0,67,8,472,0.0,0.0167,-0.0167,0.0,8,sem_coocorrencia
java:S3776,java,Useless Statements (executed without effect),67,8,0,67,8,472,0.0,0.0167,-0.0167,0.0,8,sem_coocorrencia
java:S1488,java,Algorithm,41,8,0,41,8,498,0.0,0.0158,-0.0158,0.0,8,sem_coocorrencia
java:S3776,java,Algorithm,41,8,0,41,8,498,0.0,0.0158,-0.0158,0.0,8,sem_coocorrencia
python:S117,python,Data Conflicting,49,8,0,49,8,530,0.0,0.0149,-0.0149,0.0,8,sem_coocorrencia
java:S1488,java,Common Sense,3,8,0,3,8,536,0.0,0.0147,-0.0147,0.0,3,sem_coocorrencia
java:S1488,java,Computer Theory,1,8,0,1,8,538,0.0,0.0147,-0.0147,0.0,1,sem_coocorrencia
java:S1488,java,Fragmented Logics,2,8,0,2,8,537,0.0,0.0147,-0.0147,0.0,2,sem_coocorrencia
java:S3012,java,Common Sense,3,8,0,3,8,536,0.0,0.0147,-0.0147,0.0,3,sem_coocorrencia
java:S3012,java,Computer Theory,1,8,0,1,8,538,0.0,0.0147,-0.0147,0.0,1,sem_coocorrencia
java:S3012,java,Data Conflicting,1,8,0,1,8,538,0.0,0.0147,-0.0147,0.0,1,sem_coocorrencia
java:S3012,java,Fragmented Logics,2,8,0,2,8,537,0.0,0.0147,-0.0147,0.0,2,sem_coocorrencia
java:S3776,java,Common Sense,3,8,0,3,8,536,0.0,0.0147,-0.0147,0.0,3,sem_coocorrencia
java:S3776,java,Computer Theory,1,8,0,1,8,538,0.0,0.0147,-0.0147,0.0,1,sem_coocorrencia
java:S3776,java,Data Conflicting,1,8,0,1,8,538,0.0,0.0147,-0.0147,0.0,1,sem_coocorrencia
java:S3776,java,Fragmented Logics,2,8,0,2,8,537,0.0,0.0147,-0.0147,0.0,2,sem_coocorrencia
python:S117,python,Undefined Variables,28,8,0,28,8,551,0.0,0.0143,-0.0143,0.0,8,sem_coocorrencia
python:S117,python,Algorithm,19,8,0,19,8,560,0.0,0.0141,-0.0141,0.0,8,sem_coocorrencia
python:S117,python,Fragmented Logics,19,8,0,19,8,560,0.0,0.0141,-0.0141,0.0,8,sem_coocorrencia
python:S117,python,Mathematics & Natural Science,17,8,0,17,8,562,0.0,0.014,-0.014,0.0,8,sem_coocorrencia
python:S117,python,Useless Statements (unexecuted),7,8,0,7,8,572,0.0,0.0138,-0.0138,0.0,7,sem_coocorrencia
python:S117,python,Inconsistent Libraries,2,8,0,2,8,577,0.0,0.0137,-0.0137,0.0,2,sem_coocorrencia
python:S117,python,Useless Statements (executed without effect),4,8,0,4,8,575,0.0,0.0137,-0.0137,0.0,4,sem_coocorrencia
python:S1854,python,Behavior Conflicting,291,4,0,291,4,292,0.0,0.0135,-0.0135,0.0,4,sem_coocorrencia
java:S1126,java,Library/Project,163,5,0,163,5,379,0.0,0.013,-0.013,0.0,5,sem_coocorrencia
java:S1197,java,Behavior Conflicting,129,5,0,129,5,413,0.0,0.012,-0.012,0.0,5,sem_coocorrencia
java:S1197,java,Useless Statements (executed without effect),67,5,0,67,5,475,0.0,0.0104,-0.0104,0.0,5,sem_coocorrencia
java:S1126,java,Algorithm,41,5,0,41,5,501,0.0,0.0099,-0.0099,0.0,5,sem_coocorrencia
java:S1197,java,Algorithm,41,5,0,41,5,501,0.0,0.0099,-0.0099,0.0,5,sem_coocorrencia
java:S1126,java,Computer Theory,1,5,0,1,5,541,0.0,0.0092,-0.0092,0.0,1,sem_coocorrencia
java:S1126,java,Data Conflicting,1,5,0,1,5,541,0.0,0.0092,-0.0092,0.0,1,sem_coocorrencia
java:S1197,java,Common Sense,3,5,0,3,5,539,0.0,0.0092,-0.0092,0.0,3,sem_coocorrencia
java:S1197,java,Computer Theory,1,5,0,1,5,541,0.0,0.0092,-0.0092,0.0,1,sem_coocorrencia
java:S1197,java,Data Conflicting,1,5,0,1,5,541,0.0,0.0092,-0.0092,0.0,1,sem_coocorrencia
java:S1197,java,Fragmented Logics,2,5,0,2,5,540,0.0,0.0092,-0.0092,0.0,2,sem_coocorrencia
python:S1854,python,Data Conflicting,49,4,0,49,4,534,0.0,0.0074,-0.0074,0.0,4,sem_coocorrencia
python:S1854,python,Undefined Variables,28,4,0,28,4,555,0.0,0.0072,-0.0072,0.0,4,sem_coocorrencia
python:S1854,python,Algorithm,19,4,0,19,4,564,0.0,0.007,-0.007,0.0,4,sem_coocorrencia
python:S1854,python,Fragmented Logics,19,4,0,19,4,564,0.0,0.007,-0.007,0.0,4,sem_coocorrencia
python:S1854,python,Mathematics & Natural Science,17,4,0,17,4,566,0.0,0.007,-0.007,0.0,4,sem_coocorrencia
python:S1854,python,Useless Statements (unexecuted),7,4,0,7,4,576,0.0,0.0069,-0.0069,0.0,4,sem_coocorrencia
python:S1226,python,Library/Project,146,3,0,146,3,438,0.0,0.0068,-0.0068,0.0,3,sem_coocorrencia
python:S1854,python,Inconsistent Libraries,2,4,0,2,4,581,0.0,0.0068,-0.0068,0.0,2,sem_coocorrencia
python:S2190,python,Library/Project,146,3,0,146,3,438,0.0,0.0068,-0.0068,0.0,3,sem_coocorrencia
python:S112,python,Data Conflicting,49,3,0,49,3,535,0.0,0.0056,-0.0056,0.0,3,sem_coocorrencia
python:S1226,python,Data Conflicting,49,3,0,49,3,535,0.0,0.0056,-0.0056,0.0,3,sem_coocorrencia
python:S2190,python,Data Conflicting,49,3,0,49,3,535,0.0,0.0056,-0.0056,0.0,3,sem_coocorrencia
python:S112,python,Undefined Variables,28,3,0,28,3,556,0.0,0.0054,-0.0054,0.0,3,sem_coocorrencia
python:S1226,python,Undefined Variables,28,3,0,28,3,556,0.0,0.0054,-0.0054,0.0,3,sem_coocorrencia
python:S2190,python,Undefined Variables,28,3,0,28,3,556,0.0,0.0054,-0.0054,0.0,3,sem_coocorrencia
java:S112,java,Undefined Variables,172,2,0,172,2,373,0.0,0.0053,-0.0053,0.0,2,sem_coocorrencia
java:S1135,java,Undefined Variables,172,2,0,172,2,373,0.0,0.0053,-0.0053,0.0,2,sem_coocorrencia
java:S1149,java,Undefined Variables,172,2,0,172,2,373,0.0,0.0053,-0.0053,0.0,2,sem_coocorrencia
java:S125,java,Undefined Variables,172,2,0,172,2,373,0.0,0.0053,-0.0053,0.0,2,sem_coocorrencia
java:S6201,java,Undefined Variables,172,2,0,172,2,373,0.0,0.0053,-0.0053,0.0,2,sem_coocorrencia
python:S112,python,Algorithm,19,3,0,19,3,565,0.0,0.0053,-0.0053,0.0,3,sem_coocorrencia
python:S112,python,Computer Theory,26,3,0,26,3,558,0.0,0.0053,-0.0053,0.0,3,sem_coocorrencia
python:S112,python,Fragmented Logics,19,3,0,19,3,565,0.0,0.0053,-0.0053,0.0,3,sem_coocorrencia
python:S112,python,Mathematics & Natural Science,17,3,0,17,3,567,0.0,0.0053,-0.0053,0.0,3,sem_coocorrencia
python:S1226,python,Computer Theory,26,3,0,26,3,558,0.0,0.0053,-0.0053,0.0,3,sem_coocorrencia
python:S1226,python,Fragmented Logics,19,3,0,19,3,565,0.0,0.0053,-0.0053,0.0,3,sem_coocorrencia
python:S1226,python,Mathematics & Natural Science,17,3,0,17,3,567,0.0,0.0053,-0.0053,0.0,3,sem_coocorrencia
python:S2190,python,Algorithm,19,3,0,19,3,565,0.0,0.0053,-0.0053,0.0,3,sem_coocorrencia
python:S2190,python,Computer Theory,26,3,0,26,3,558,0.0,0.0053,-0.0053,0.0,3,sem_coocorrencia
python:S2190,python,Fragmented Logics,19,3,0,19,3,565,0.0,0.0053,-0.0053,0.0,3,sem_coocorrencia
python:S2190,python,Mathematics & Natural Science,17,3,0,17,3,567,0.0,0.0053,-0.0053,0.0,3,sem_coocorrencia
java:S1149,java,Library/Project,163,2,0,163,2,382,0.0,0.0052,-0.0052,0.0,2,sem_coocorrencia
java:S125,java,Library/Project,163,2,0,163,2,382,0.0,0.0052,-0.0052,0.0,2,sem_coocorrencia
java:S2129,java,Library/Project,163,2,0,163,2,382,0.0,0.0052,-0.0052,0.0,2,sem_coocorrencia
python:S112,python,Useless Statements (unexecuted),7,3,0,7,3,577,0.0,0.0052,-0.0052,0.0,3,sem_coocorrencia
python:S1226,python,Useless Statements (unexecuted),7,3,0,7,3,577,0.0,0.0052,-0.0052,0.0,3,sem_coocorrencia
python:S112,python,Inconsistent Libraries,2,3,0,2,3,582,0.0,0.0051,-0.0051,0.0,2,sem_coocorrencia
python:S112,python,Useless Statements (executed without effect),4,3,0,4,3,580,0.0,0.0051,-0.0051,0.0,3,sem_coocorrencia
python:S1226,python,Inconsistent Libraries,2,3,0,2,3,582,0.0,0.0051,-0.0051,0.0,2,sem_coocorrencia
python:S1226,python,Useless Statements (executed without effect),4,3,0,4,3,580,0.0,0.0051,-0.0051,0.0,3,sem_coocorrencia
python:S2190,python,Inconsistent Libraries,2,3,0,2,3,582,0.0,0.0051,-0.0051,0.0,2,sem_coocorrencia
python:S2190,python,Useless Statements (executed without effect),4,3,0,4,3,580,0.0,0.0051,-0.0051,0.0,3,sem_coocorrencia
java:S112,java,Behavior Conflicting,129,2,0,129,2,416,0.0,0.0048,-0.0048,0.0,2,sem_coocorrencia
java:S1135,java,Behavior Conflicting,129,2,0,129,2,416,0.0,0.0048,-0.0048,0.0,2,sem_coocorrencia
java:S135,java,Behavior Conflicting,129,2,0,129,2,416,0.0,0.0048,-0.0048,0.0,2,sem_coocorrencia
java:S2293,java,Behavior Conflicting,129,2,0,129,2,416,0.0,0.0048,-0.0048,0.0,2,sem_coocorrencia
java:S6201,java,Behavior Conflicting,129,2,0,129,2,416,0.0,0.0048,-0.0048,0.0,2,sem_coocorrencia
python:S1871,python,Library/Project,146,2,0,146,2,439,0.0,0.0045,-0.0045,0.0,2,sem_coocorrencia
python:S6353,python,Library/Project,146,2,0,146,2,439,0.0,0.0045,-0.0045,0.0,2,sem_coocorrencia
java:S112,java,Useless Statements (executed without effect),67,2,0,67,2,478,0.0,0.0042,-0.0042,0.0,2,sem_coocorrencia
java:S1149,java,Useless Statements (executed without effect),67,2,0,67,2,478,0.0,0.0042,-0.0042,0.0,2,sem_coocorrencia
java:S135,java,Useless Statements (executed without effect),67,2,0,67,2,478,0.0,0.0042,-0.0042,0.0,2,sem_coocorrencia
java:S2129,java,Useless Statements (executed without effect),67,2,0,67,2,478,0.0,0.0042,-0.0042,0.0,2,sem_coocorrencia
java:S2293,java,Useless Statements (executed without effect),67,2,0,67,2,478,0.0,0.0042,-0.0042,0.0,2,sem_coocorrencia
java:S6201,java,Useless Statements (executed without effect),67,2,0,67,2,478,0.0,0.0042,-0.0042,0.0,2,sem_coocorrencia
java:S112,java,Algorithm,41,2,0,41,2,504,0.0,0.004,-0.004,0.0,2,sem_coocorrencia
java:S1135,java,Algorithm,41,2,0,41,2,504,0.0,0.004,-0.004,0.0,2,sem_coocorrencia
java:S1149,java,Algorithm,41,2,0,41,2,504,0.0,0.004,-0.004,0.0,2,sem_coocorrencia
java:S125,java,Algorithm,41,2,0,41,2,504,0.0,0.004,-0.004,0.0,2,sem_coocorrencia
java:S135,java,Algorithm,41,2,0,41,2,504,0.0,0.004,-0.004,0.0,2,sem_coocorrencia
java:S2129,java,Algorithm,41,2,0,41,2,504,0.0,0.004,-0.004,0.0,2,sem_coocorrencia
java:S2293,java,Algorithm,41,2,0,41,2,504,0.0,0.004,-0.004,0.0,2,sem_coocorrencia
java:S112,java,Common Sense,3,2,0,3,2,542,0.0,0.0037,-0.0037,0.0,2,sem_coocorrencia
java:S112,java,Computer Theory,1,2,0,1,2,544,0.0,0.0037,-0.0037,0.0,1,sem_coocorrencia
java:S112,java,Data Conflicting,1,2,0,1,2,544,0.0,0.0037,-0.0037,0.0,1,sem_coocorrencia
java:S112,java,Fragmented Logics,2,2,0,2,2,543,0.0,0.0037,-0.0037,0.0,2,sem_coocorrencia
java:S1135,java,Common Sense,3,2,0,3,2,542,0.0,0.0037,-0.0037,0.0,2,sem_coocorrencia
java:S1135,java,Computer Theory,1,2,0,1,2,544,0.0,0.0037,-0.0037,0.0,1,sem_coocorrencia
java:S1135,java,Data Conflicting,1,2,0,1,2,544,0.0,0.0037,-0.0037,0.0,1,sem_coocorrencia
java:S1135,java,Fragmented Logics,2,2,0,2,2,543,0.0,0.0037,-0.0037,0.0,2,sem_coocorrencia
java:S1149,java,Common Sense,3,2,0,3,2,542,0.0,0.0037,-0.0037,0.0,2,sem_coocorrencia
java:S1149,java,Computer Theory,1,2,0,1,2,544,0.0,0.0037,-0.0037,0.0,1,sem_coocorrencia
java:S1149,java,Data Conflicting,1,2,0,1,2,544,0.0,0.0037,-0.0037,0.0,1,sem_coocorrencia
java:S1149,java,Fragmented Logics,2,2,0,2,2,543,0.0,0.0037,-0.0037,0.0,2,sem_coocorrencia
java:S125,java,Common Sense,3,2,0,3,2,542,0.0,0.0037,-0.0037,0.0,2,sem_coocorrencia
java:S125,java,Computer Theory,1,2,0,1,2,544,0.0,0.0037,-0.0037,0.0,1,sem_coocorrencia
java:S125,java,Data Conflicting,1,2,0,1,2,544,0.0,0.0037,-0.0037,0.0,1,sem_coocorrencia
java:S125,java,Fragmented Logics,2,2,0,2,2,543,0.0,0.0037,-0.0037,0.0,2,sem_coocorrencia
java:S135,java,Common Sense,3,2,0,3,2,542,0.0,0.0037,-0.0037,0.0,2,sem_coocorrencia
java:S135,java,Computer Theory,1,2,0,1,2,544,0.0,0.0037,-0.0037,0.0,1,sem_coocorrencia
java:S135,java,Data Conflicting,1,2,0,1,2,544,0.0,0.0037,-0.0037,0.0,1,sem_coocorrencia
java:S135,java,Fragmented Logics,2,2,0,2,2,543,0.0,0.0037,-0.0037,0.0,2,sem_coocorrencia
java:S2129,java,Common Sense,3,2,0,3,2,542,0.0,0.0037,-0.0037,0.0,2,sem_coocorrencia
java:S2129,java,Computer Theory,1,2,0,1,2,544,0.0,0.0037,-0.0037,0.0,1,sem_coocorrencia
java:S2129,java,Data Conflicting,1,2,0,1,2,544,0.0,0.0037,-0.0037,0.0,1,sem_coocorrencia
java:S2129,java,Fragmented Logics,2,2,0,2,2,543,0.0,0.0037,-0.0037,0.0,2,sem_coocorrencia
java:S2293,java,Common Sense,3,2,0,3,2,542,0.0,0.0037,-0.0037,0.0,2,sem_coocorrencia
java:S2293,java,Computer Theory,1,2,0,1,2,544,0.0,0.0037,-0.0037,0.0,1,sem_coocorrencia
java:S2293,java,Data Conflicting,1,2,0,1,2,544,0.0,0.0037,-0.0037,0.0,1,sem_coocorrencia
java:S2293,java,Fragmented Logics,2,2,0,2,2,543,0.0,0.0037,-0.0037,0.0,2,sem_coocorrencia
java:S6201,java,Common Sense,3,2,0,3,2,542,0.0,0.0037,-0.0037,0.0,2,sem_coocorrencia
java:S6201,java,Computer Theory,1,2,0,1,2,544,0.0,0.0037,-0.0037,0.0,1,sem_coocorrencia
java:S6201,java,Data Conflicting,1,2,0,1,2,544,0.0,0.0037,-0.0037,0.0,1,sem_coocorrencia
java:S6201,java,Fragmented Logics,2,2,0,2,2,543,0.0,0.0037,-0.0037,0.0,2,sem_coocorrencia
python:S1871,python,Data Conflicting,49,2,0,49,2,536,0.0,0.0037,-0.0037,0.0,2,sem_coocorrencia
python:S6353,python,Data Conflicting,49,2,0,49,2,536,0.0,0.0037,-0.0037,0.0,2,sem_coocorrencia
python:S1871,python,Computer Theory,26,2,0,26,2,559,0.0,0.0036,-0.0036,0.0,2,sem_coocorrencia
python:S1871,python,Undefined Variables,28,2,0,28,2,557,0.0,0.0036,-0.0036,0.0,2,sem_coocorrencia
python:S6353,python,Undefined Variables,28,2,0,28,2,557,0.0,0.0036,-0.0036,0.0,2,sem_coocorrencia
python:S1871,python,Algorithm,19,2,0,19,2,566,0.0,0.0035,-0.0035,0.0,2,sem_coocorrencia
python:S1871,python,Fragmented Logics,19,2,0,19,2,566,0.0,0.0035,-0.0035,0.0,2,sem_coocorrencia
python:S6353,python,Algorithm,19,2,0,19,2,566,0.0,0.0035,-0.0035,0.0,2,sem_coocorrencia
python:S6353,python,Fragmented Logics,19,2,0,19,2,566,0.0,0.0035,-0.0035,0.0,2,sem_coocorrencia
python:S6353,python,Mathematics & Natural Science,17,2,0,17,2,568,0.0,0.0035,-0.0035,0.0,2,sem_coocorrencia
python:S1066,python,Behavior Conflicting,291,1,0,291,1,295,0.0,0.0034,-0.0034,0.0,1,sem_coocorrencia
python:S1862,python,Behavior Conflicting,291,1,0,291,1,295,0.0,0.0034,-0.0034,0.0,1,sem_coocorrencia
python:S1871,python,Inconsistent Libraries,2,2,0,2,2,583,0.0,0.0034,-0.0034,0.0,2,sem_coocorrencia
python:S1871,python,Useless Statements (executed without effect),4,2,0,4,2,581,0.0,0.0034,-0.0034,0.0,2,sem_coocorrencia
python:S1871,python,Useless Statements (unexecuted),7,2,0,7,2,578,0.0,0.0034,-0.0034,0.0,2,sem_coocorrencia
python:S2275,python,Behavior Conflicting,291,1,0,291,1,295,0.0,0.0034,-0.0034,0.0,1,sem_coocorrencia
python:S3923,python,Behavior Conflicting,291,1,0,291,1,295,0.0,0.0034,-0.0034,0.0,1,sem_coocorrencia
python:S5756,python,Behavior Conflicting,291,1,0,291,1,295,0.0,0.0034,-0.0034,0.0,1,sem_coocorrencia
python:S5855,python,Behavior Conflicting,291,1,0,291,1,295,0.0,0.0034,-0.0034,0.0,1,sem_coocorrencia
python:S5869,python,Behavior Conflicting,291,1,0,291,1,295,0.0,0.0034,-0.0034,0.0,1,sem_coocorrencia
python:S6326,python,Behavior Conflicting,291,1,0,291,1,295,0.0,0.0034,-0.0034,0.0,1,sem_coocorrencia
python:S6353,python,Inconsistent Libraries,2,2,0,2,2,583,0.0,0.0034,-0.0034,0.0,2,sem_coocorrencia
python:S6353,python,Useless Statements (executed without effect),4,2,0,4,2,581,0.0,0.0034,-0.0034,0.0,2,sem_coocorrencia
python:S6353,python,Useless Statements (unexecuted),7,2,0,7,2,578,0.0,0.0034,-0.0034,0.0,2,sem_coocorrencia
python:S6395,python,Behavior Conflicting,291,1,0,291,1,295,0.0,0.0034,-0.0034,0.0,1,sem_coocorrencia
python:S6397,python,Behavior Conflicting,291,1,0,291,1,295,0.0,0.0034,-0.0034,0.0,1,sem_coocorrencia
python:S930,python,Behavior Conflicting,291,1,0,291,1,295,0.0,0.0034,-0.0034,0.0,1,sem_coocorrencia
java:S1066,java,Undefined Variables,172,1,0,172,1,374,0.0,0.0027,-0.0027,0.0,1,sem_coocorrencia
java:S117,java,Undefined Variables,172,1,0,172,1,374,0.0,0.0027,-0.0027,0.0,1,sem_coocorrencia
java:S1192,java,Undefined Variables,172,1,0,172,1,374,0.0,0.0027,-0.0027,0.0,1,sem_coocorrencia
java:S1481,java,Undefined Variables,172,1,0,172,1,374,0.0,0.0027,-0.0027,0.0,1,sem_coocorrencia
java:S1659,java,Undefined Variables,172,1,0,172,1,374,0.0,0.0027,-0.0027,0.0,1,sem_coocorrencia
java:S1905,java,Undefined Variables,172,1,0,172,1,374,0.0,0.0027,-0.0027,0.0,1,sem_coocorrencia
java:S2189,java,Undefined Variables,172,1,0,172,1,374,0.0,0.0027,-0.0027,0.0,1,sem_coocorrencia
java:S3740,java,Undefined Variables,172,1,0,172,1,374,0.0,0.0027,-0.0027,0.0,1,sem_coocorrencia
java:S5738,java,Undefined Variables,172,1,0,172,1,374,0.0,0.0027,-0.0027,0.0,1,sem_coocorrencia
java:S6208,java,Undefined Variables,172,1,0,172,1,374,0.0,0.0027,-0.0027,0.0,1,sem_coocorrencia
java:S1206,java,Library/Project,163,1,0,163,1,383,0.0,0.0026,-0.0026,0.0,1,sem_coocorrencia
java:S1604,java,Library/Project,163,1,0,163,1,383,0.0,0.0026,-0.0026,0.0,1,sem_coocorrencia
java:S1905,java,Library/Project,163,1,0,163,1,383,0.0,0.0026,-0.0026,0.0,1,sem_coocorrencia
java:S2189,java,Library/Project,163,1,0,163,1,383,0.0,0.0026,-0.0026,0.0,1,sem_coocorrencia
java:S2259,java,Library/Project,163,1,0,163,1,383,0.0,0.0026,-0.0026,0.0,1,sem_coocorrencia
java:S3626,java,Library/Project,163,1,0,163,1,383,0.0,0.0026,-0.0026,0.0,1,sem_coocorrencia
java:S3740,java,Library/Project,163,1,0,163,1,383,0.0,0.0026,-0.0026,0.0,1,sem_coocorrencia
java:S5738,java,Library/Project,163,1,0,163,1,383,0.0,0.0026,-0.0026,0.0,1,sem_coocorrencia
java:S1066,java,Behavior Conflicting,129,1,0,129,1,417,0.0,0.0024,-0.0024,0.0,1,sem_coocorrencia
java:S117,java,Behavior Conflicting,129,1,0,129,1,417,0.0,0.0024,-0.0024,0.0,1,sem_coocorrencia
java:S1192,java,Behavior Conflicting,129,1,0,129,1,417,0.0,0.0024,-0.0024,0.0,1,sem_coocorrencia
java:S1206,java,Behavior Conflicting,129,1,0,129,1,417,0.0,0.0024,-0.0024,0.0,1,sem_coocorrencia
java:S1481,java,Behavior Conflicting,129,1,0,129,1,417,0.0,0.0024,-0.0024,0.0,1,sem_coocorrencia
java:S1604,java,Behavior Conflicting,129,1,0,129,1,417,0.0,0.0024,-0.0024,0.0,1,sem_coocorrencia
java:S1659,java,Behavior Conflicting,129,1,0,129,1,417,0.0,0.0024,-0.0024,0.0,1,sem_coocorrencia
java:S1905,java,Behavior Conflicting,129,1,0,129,1,417,0.0,0.0024,-0.0024,0.0,1,sem_coocorrencia
java:S2189,java,Behavior Conflicting,129,1,0,129,1,417,0.0,0.0024,-0.0024,0.0,1,sem_coocorrencia
java:S2259,java,Behavior Conflicting,129,1,0,129,1,417,0.0,0.0024,-0.0024,0.0,1,sem_coocorrencia
java:S3626,java,Behavior Conflicting,129,1,0,129,1,417,0.0,0.0024,-0.0024,0.0,1,sem_coocorrencia
java:S6208,java,Behavior Conflicting,129,1,0,129,1,417,0.0,0.0024,-0.0024,0.0,1,sem_coocorrencia
python:S1066,python,Library/Project,146,1,0,146,1,440,0.0,0.0023,-0.0023,0.0,1,sem_coocorrencia
python:S1192,python,Library/Project,146,1,0,146,1,440,0.0,0.0023,-0.0023,0.0,1,sem_coocorrencia
python:S1656,python,Library/Project,146,1,0,146,1,440,0.0,0.0023,-0.0023,0.0,1,sem_coocorrencia
python:S2275,python,Library/Project,146,1,0,146,1,440,0.0,0.0023,-0.0023,0.0,1,sem_coocorrencia
python:S3358,python,Library/Project,146,1,0,146,1,440,0.0,0.0023,-0.0023,0.0,1,sem_coocorrencia
python:S3457,python,Library/Project,146,1,0,146,1,440,0.0,0.0023,-0.0023,0.0,1,sem_coocorrencia
python:S5603,python,Library/Project,146,1,0,146,1,440,0.0,0.0023,-0.0023,0.0,1,sem_coocorrencia
python:S5756,python,Library/Project,146,1,0,146,1,440,0.0,0.0023,-0.0023,0.0,1,sem_coocorrencia
python:S5806,python,Library/Project,146,1,0,146,1,440,0.0,0.0023,-0.0023,0.0,1,sem_coocorrencia
python:S5855,python,Library/Project,146,1,0,146,1,440,0.0,0.0023,-0.0023,0.0,1,sem_coocorrencia
python:S5869,python,Library/Project,146,1,0,146,1,440,0.0,0.0023,-0.0023,0.0,1,sem_coocorrencia
python:S6395,python,Library/Project,146,1,0,146,1,440,0.0,0.0023,-0.0023,0.0,1,sem_coocorrencia
python:S6397,python,Library/Project,146,1,0,146,1,440,0.0,0.0023,-0.0023,0.0,1,sem_coocorrencia
java:S1066,java,Useless Statements (executed without effect),67,1,0,67,1,479,0.0,0.0021,-0.0021,0.0,1,sem_coocorrencia
java:S117,java,Useless Statements (executed without effect),67,1,0,67,1,479,0.0,0.0021,-0.0021,0.0,1,sem_coocorrencia
java:S1192,java,Useless Statements (executed without effect),67,1,0,67,1,479,0.0,0.0021,-0.0021,0.0,1,sem_coocorrencia
java:S1206,java,Useless Statements (executed without effect),67,1,0,67,1,479,0.0,0.0021,-0.0021,0.0,1,sem_coocorrencia
java:S1481,java,Useless Statements (executed without effect),67,1,0,67,1,479,0.0,0.0021,-0.0021,0.0,1,sem_coocorrencia
java:S1604,java,Useless Statements (executed without effect),67,1,0,67,1,479,0.0,0.0021,-0.0021,0.0,1,sem_coocorrencia
java:S1659,java,Useless Statements (executed without effect),67,1,0,67,1,479,0.0,0.0021,-0.0021,0.0,1,sem_coocorrencia
java:S2259,java,Useless Statements (executed without effect),67,1,0,67,1,479,0.0,0.0021,-0.0021,0.0,1,sem_coocorrencia
java:S3626,java,Useless Statements (executed without effect),67,1,0,67,1,479,0.0,0.0021,-0.0021,0.0,1,sem_coocorrencia
java:S3740,java,Useless Statements (executed without effect),67,1,0,67,1,479,0.0,0.0021,-0.0021,0.0,1,sem_coocorrencia
java:S5738,java,Useless Statements (executed without effect),67,1,0,67,1,479,0.0,0.0021,-0.0021,0.0,1,sem_coocorrencia
java:S6208,java,Useless Statements (executed without effect),67,1,0,67,1,479,0.0,0.0021,-0.0021,0.0,1,sem_coocorrencia
java:S1066,java,Algorithm,41,1,0,41,1,505,0.0,0.002,-0.002,0.0,1,sem_coocorrencia
java:S117,java,Algorithm,41,1,0,41,1,505,0.0,0.002,-0.002,0.0,1,sem_coocorrencia
java:S1192,java,Algorithm,41,1,0,41,1,505,0.0,0.002,-0.002,0.0,1,sem_coocorrencia
java:S1206,java,Algorithm,41,1,0,41,1,505,0.0,0.002,-0.002,0.0,1,sem_coocorrencia
java:S1481,java,Algorithm,41,1,0,41,1,505,0.0,0.002,-0.002,0.0,1,sem_coocorrencia
java:S1604,java,Algorithm,41,1,0,41,1,505,0.0,0.002,-0.002,0.0,1,sem_coocorrencia
java:S1659,java,Algorithm,41,1,0,41,1,505,0.0,0.002,-0.002,0.0,1,sem_coocorrencia
java:S1905,java,Algorithm,41,1,0,41,1,505,0.0,0.002,-0.002,0.0,1,sem_coocorrencia
java:S2189,java,Algorithm,41,1,0,41,1,505,0.0,0.002,-0.002,0.0,1,sem_coocorrencia
java:S2259,java,Algorithm,41,1,0,41,1,505,0.0,0.002,-0.002,0.0,1,sem_coocorrencia
java:S3626,java,Algorithm,41,1,0,41,1,505,0.0,0.002,-0.002,0.0,1,sem_coocorrencia
java:S3740,java,Algorithm,41,1,0,41,1,505,0.0,0.002,-0.002,0.0,1,sem_coocorrencia
java:S5738,java,Algorithm,41,1,0,41,1,505,0.0,0.002,-0.002,0.0,1,sem_coocorrencia
java:S6208,java,Algorithm,41,1,0,41,1,505,0.0,0.002,-0.002,0.0,1,sem_coocorrencia
python:S1192,python,Data Conflicting,49,1,0,49,1,537,0.0,0.0019,-0.0019,0.0,1,sem_coocorrencia
python:S1656,python,Data Conflicting,49,1,0,49,1,537,0.0,0.0019,-0.0019,0.0,1,sem_coocorrencia
python:S1862,python,Data Conflicting,49,1,0,49,1,537,0.0,0.0019,-0.0019,0.0,1,sem_coocorrencia
python:S2275,python,Data Conflicting,49,1,0,49,1,537,0.0,0.0019,-0.0019,0.0,1,sem_coocorrencia
python:S3358,python,Data Conflicting,49,1,0,49,1,537,0.0,0.0019,-0.0019,0.0,1,sem_coocorrencia
python:S3457,python,Data Conflicting,49,1,0,49,1,537,0.0,0.0019,-0.0019,0.0,1,sem_coocorrencia
python:S3923,python,Data Conflicting,49,1,0,49,1,537,0.0,0.0019,-0.0019,0.0,1,sem_coocorrencia
python:S5603,python,Data Conflicting,49,1,0,49,1,537,0.0,0.0019,-0.0019,0.0,1,sem_coocorrencia
python:S5756,python,Data Conflicting,49,1,0,49,1,537,0.0,0.0019,-0.0019,0.0,1,sem_coocorrencia
python:S5806,python,Data Conflicting,49,1,0,49,1,537,0.0,0.0019,-0.0019,0.0,1,sem_coocorrencia
python:S5855,python,Data Conflicting,49,1,0,49,1,537,0.0,0.0019,-0.0019,0.0,1,sem_coocorrencia
python:S5869,python,Data Conflicting,49,1,0,49,1,537,0.0,0.0019,-0.0019,0.0,1,sem_coocorrencia
python:S6326,python,Data Conflicting,49,1,0,49,1,537,0.0,0.0019,-0.0019,0.0,1,sem_coocorrencia
python:S6395,python,Data Conflicting,49,1,0,49,1,537,0.0,0.0019,-0.0019,0.0,1,sem_coocorrencia
python:S6397,python,Data Conflicting,49,1,0,49,1,537,0.0,0.0019,-0.0019,0.0,1,sem_coocorrencia
python:S930,python,Data Conflicting,49,1,0,49,1,537,0.0,0.0019,-0.0019,0.0,1,sem_coocorrencia
java:S1066,java,Common Sense,3,1,0,3,1,543,0.0,0.0018,-0.0018,0.0,1,sem_coocorrencia
java:S1066,java,Computer Theory,1,1,0,1,1,545,0.0,0.0018,-0.0018,0.0,1,sem_coocorrencia
java:S1066,java,Data Conflicting,1,1,0,1,1,545,0.0,0.0018,-0.0018,0.0,1,sem_coocorrencia
java:S1066,java,Fragmented Logics,2,1,0,2,1,544,0.0,0.0018,-0.0018,0.0,1,sem_coocorrencia
java:S117,java,Common Sense,3,1,0,3,1,543,0.0,0.0018,-0.0018,0.0,1,sem_coocorrencia
java:S117,java,Computer Theory,1,1,0,1,1,545,0.0,0.0018,-0.0018,0.0,1,sem_coocorrencia
java:S117,java,Data Conflicting,1,1,0,1,1,545,0.0,0.0018,-0.0018,0.0,1,sem_coocorrencia
java:S117,java,Fragmented Logics,2,1,0,2,1,544,0.0,0.0018,-0.0018,0.0,1,sem_coocorrencia
java:S1192,java,Common Sense,3,1,0,3,1,543,0.0,0.0018,-0.0018,0.0,1,sem_coocorrencia
java:S1192,java,Computer Theory,1,1,0,1,1,545,0.0,0.0018,-0.0018,0.0,1,sem_coocorrencia
java:S1192,java,Data Conflicting,1,1,0,1,1,545,0.0,0.0018,-0.0018,0.0,1,sem_coocorrencia
java:S1192,java,Fragmented Logics,2,1,0,2,1,544,0.0,0.0018,-0.0018,0.0,1,sem_coocorrencia
java:S1206,java,Common Sense,3,1,0,3,1,543,0.0,0.0018,-0.0018,0.0,1,sem_coocorrencia
java:S1206,java,Computer Theory,1,1,0,1,1,545,0.0,0.0018,-0.0018,0.0,1,sem_coocorrencia
java:S1206,java,Data Conflicting,1,1,0,1,1,545,0.0,0.0018,-0.0018,0.0,1,sem_coocorrencia
java:S1206,java,Fragmented Logics,2,1,0,2,1,544,0.0,0.0018,-0.0018,0.0,1,sem_coocorrencia
java:S1481,java,Common Sense,3,1,0,3,1,543,0.0,0.0018,-0.0018,0.0,1,sem_coocorrencia
java:S1481,java,Computer Theory,1,1,0,1,1,545,0.0,0.0018,-0.0018,0.0,1,sem_coocorrencia
java:S1481,java,Data Conflicting,1,1,0,1,1,545,0.0,0.0018,-0.0018,0.0,1,sem_coocorrencia
java:S1481,java,Fragmented Logics,2,1,0,2,1,544,0.0,0.0018,-0.0018,0.0,1,sem_coocorrencia
java:S1604,java,Common Sense,3,1,0,3,1,543,0.0,0.0018,-0.0018,0.0,1,sem_coocorrencia
java:S1604,java,Computer Theory,1,1,0,1,1,545,0.0,0.0018,-0.0018,0.0,1,sem_coocorrencia
java:S1604,java,Data Conflicting,1,1,0,1,1,545,0.0,0.0018,-0.0018,0.0,1,sem_coocorrencia
java:S1604,java,Fragmented Logics,2,1,0,2,1,544,0.0,0.0018,-0.0018,0.0,1,sem_coocorrencia
java:S1659,java,Common Sense,3,1,0,3,1,543,0.0,0.0018,-0.0018,0.0,1,sem_coocorrencia
java:S1659,java,Computer Theory,1,1,0,1,1,545,0.0,0.0018,-0.0018,0.0,1,sem_coocorrencia
java:S1659,java,Data Conflicting,1,1,0,1,1,545,0.0,0.0018,-0.0018,0.0,1,sem_coocorrencia
java:S1659,java,Fragmented Logics,2,1,0,2,1,544,0.0,0.0018,-0.0018,0.0,1,sem_coocorrencia
java:S1905,java,Common Sense,3,1,0,3,1,543,0.0,0.0018,-0.0018,0.0,1,sem_coocorrencia
java:S1905,java,Computer Theory,1,1,0,1,1,545,0.0,0.0018,-0.0018,0.0,1,sem_coocorrencia
java:S1905,java,Data Conflicting,1,1,0,1,1,545,0.0,0.0018,-0.0018,0.0,1,sem_coocorrencia
java:S1905,java,Fragmented Logics,2,1,0,2,1,544,0.0,0.0018,-0.0018,0.0,1,sem_coocorrencia
java:S2189,java,Common Sense,3,1,0,3,1,543,0.0,0.0018,-0.0018,0.0,1,sem_coocorrencia
java:S2189,java,Computer Theory,1,1,0,1,1,545,0.0,0.0018,-0.0018,0.0,1,sem_coocorrencia
java:S2189,java,Data Conflicting,1,1,0,1,1,545,0.0,0.0018,-0.0018,0.0,1,sem_coocorrencia
java:S2189,java,Fragmented Logics,2,1,0,2,1,544,0.0,0.0018,-0.0018,0.0,1,sem_coocorrencia
java:S2259,java,Common Sense,3,1,0,3,1,543,0.0,0.0018,-0.0018,0.0,1,sem_coocorrencia
java:S2259,java,Computer Theory,1,1,0,1,1,545,0.0,0.0018,-0.0018,0.0,1,sem_coocorrencia
java:S2259,java,Data Conflicting,1,1,0,1,1,545,0.0,0.0018,-0.0018,0.0,1,sem_coocorrencia
java:S2259,java,Fragmented Logics,2,1,0,2,1,544,0.0,0.0018,-0.0018,0.0,1,sem_coocorrencia
java:S3626,java,Common Sense,3,1,0,3,1,543,0.0,0.0018,-0.0018,0.0,1,sem_coocorrencia
java:S3626,java,Computer Theory,1,1,0,1,1,545,0.0,0.0018,-0.0018,0.0,1,sem_coocorrencia
java:S3626,java,Data Conflicting,1,1,0,1,1,545,0.0,0.0018,-0.0018,0.0,1,sem_coocorrencia
java:S3626,java,Fragmented Logics,2,1,0,2,1,544,0.0,0.0018,-0.0018,0.0,1,sem_coocorrencia
java:S3740,java,Common Sense,3,1,0,3,1,543,0.0,0.0018,-0.0018,0.0,1,sem_coocorrencia
java:S3740,java,Computer Theory,1,1,0,1,1,545,0.0,0.0018,-0.0018,0.0,1,sem_coocorrencia
java:S3740,java,Data Conflicting,1,1,0,1,1,545,0.0,0.0018,-0.0018,0.0,1,sem_coocorrencia
java:S3740,java,Fragmented Logics,2,1,0,2,1,544,0.0,0.0018,-0.0018,0.0,1,sem_coocorrencia
java:S5738,java,Common Sense,3,1,0,3,1,543,0.0,0.0018,-0.0018,0.0,1,sem_coocorrencia
java:S5738,java,Computer Theory,1,1,0,1,1,545,0.0,0.0018,-0.0018,0.0,1,sem_coocorrencia
java:S5738,java,Data Conflicting,1,1,0,1,1,545,0.0,0.0018,-0.0018,0.0,1,sem_coocorrencia
java:S5738,java,Fragmented Logics,2,1,0,2,1,544,0.0,0.0018,-0.0018,0.0,1,sem_coocorrencia
java:S6208,java,Common Sense,3,1,0,3,1,543,0.0,0.0018,-0.0018,0.0,1,sem_coocorrencia
java:S6208,java,Computer Theory,1,1,0,1,1,545,0.0,0.0018,-0.0018,0.0,1,sem_coocorrencia
java:S6208,java,Data Conflicting,1,1,0,1,1,545,0.0,0.0018,-0.0018,0.0,1,sem_coocorrencia
java:S6208,java,Fragmented Logics,2,1,0,2,1,544,0.0,0.0018,-0.0018,0.0,1,sem_coocorrencia
python:S1066,python,Algorithm,19,1,0,19,1,567,0.0,0.0018,-0.0018,0.0,1,sem_coocorrencia
python:S1066,python,Computer Theory,26,1,0,26,1,560,0.0,0.0018,-0.0018,0.0,1,sem_coocorrencia
python:S1066,python,Fragmented Logics,19,1,0,19,1,567,0.0,0.0018,-0.0018,0.0,1,sem_coocorrencia
python:S1066,python,Mathematics & Natural Science,17,1,0,17,1,569,0.0,0.0018,-0.0018,0.0,1,sem_coocorrencia
python:S1066,python,Undefined Variables,28,1,0,28,1,558,0.0,0.0018,-0.0018,0.0,1,sem_coocorrencia
python:S1192,python,Algorithm,19,1,0,19,1,567,0.0,0.0018,-0.0018,0.0,1,sem_coocorrencia
python:S1192,python,Computer Theory,26,1,0,26,1,560,0.0,0.0018,-0.0018,0.0,1,sem_coocorrencia
python:S1192,python,Fragmented Logics,19,1,0,19,1,567,0.0,0.0018,-0.0018,0.0,1,sem_coocorrencia
python:S1192,python,Mathematics & Natural Science,17,1,0,17,1,569,0.0,0.0018,-0.0018,0.0,1,sem_coocorrencia
python:S1192,python,Undefined Variables,28,1,0,28,1,558,0.0,0.0018,-0.0018,0.0,1,sem_coocorrencia
python:S1656,python,Computer Theory,26,1,0,26,1,560,0.0,0.0018,-0.0018,0.0,1,sem_coocorrencia
python:S1656,python,Fragmented Logics,19,1,0,19,1,567,0.0,0.0018,-0.0018,0.0,1,sem_coocorrencia
python:S1656,python,Mathematics & Natural Science,17,1,0,17,1,569,0.0,0.0018,-0.0018,0.0,1,sem_coocorrencia
python:S1656,python,Undefined Variables,28,1,0,28,1,558,0.0,0.0018,-0.0018,0.0,1,sem_coocorrencia
python:S1862,python,Algorithm,19,1,0,19,1,567,0.0,0.0018,-0.0018,0.0,1,sem_coocorrencia
python:S1862,python,Computer Theory,26,1,0,26,1,560,0.0,0.0018,-0.0018,0.0,1,sem_coocorrencia
python:S1862,python,Fragmented Logics,19,1,0,19,1,567,0.0,0.0018,-0.0018,0.0,1,sem_coocorrencia
python:S1862,python,Mathematics & Natural Science,17,1,0,17,1,569,0.0,0.0018,-0.0018,0.0,1,sem_coocorrencia
python:S1862,python,Undefined Variables,28,1,0,28,1,558,0.0,0.0018,-0.0018,0.0,1,sem_coocorrencia
python:S2275,python,Algorithm,19,1,0,19,1,567,0.0,0.0018,-0.0018,0.0,1,sem_coocorrencia
python:S2275,python,Computer Theory,26,1,0,26,1,560,0.0,0.0018,-0.0018,0.0,1,sem_coocorrencia
python:S2275,python,Fragmented Logics,19,1,0,19,1,567,0.0,0.0018,-0.0018,0.0,1,sem_coocorrencia
python:S2275,python,Mathematics & Natural Science,17,1,0,17,1,569,0.0,0.0018,-0.0018,0.0,1,sem_coocorrencia
python:S3358,python,Algorithm,19,1,0,19,1,567,0.0,0.0018,-0.0018,0.0,1,sem_coocorrencia
python:S3358,python,Computer Theory,26,1,0,26,1,560,0.0,0.0018,-0.0018,0.0,1,sem_coocorrencia
python:S3358,python,Fragmented Logics,19,1,0,19,1,567,0.0,0.0018,-0.0018,0.0,1,sem_coocorrencia
python:S3358,python,Mathematics & Natural Science,17,1,0,17,1,569,0.0,0.0018,-0.0018,0.0,1,sem_coocorrencia
python:S3358,python,Undefined Variables,28,1,0,28,1,558,0.0,0.0018,-0.0018,0.0,1,sem_coocorrencia
python:S3457,python,Algorithm,19,1,0,19,1,567,0.0,0.0018,-0.0018,0.0,1,sem_coocorrencia
python:S3457,python,Computer Theory,26,1,0,26,1,560,0.0,0.0018,-0.0018,0.0,1,sem_coocorrencia
python:S3457,python,Fragmented Logics,19,1,0,19,1,567,0.0,0.0018,-0.0018,0.0,1,sem_coocorrencia
python:S3457,python,Mathematics & Natural Science,17,1,0,17,1,569,0.0,0.0018,-0.0018,0.0,1,sem_coocorrencia
python:S3457,python,Undefined Variables,28,1,0,28,1,558,0.0,0.0018,-0.0018,0.0,1,sem_coocorrencia
python:S3923,python,Algorithm,19,1,0,19,1,567,0.0,0.0018,-0.0018,0.0,1,sem_coocorrencia
python:S3923,python,Computer Theory,26,1,0,26,1,560,0.0,0.0018,-0.0018,0.0,1,sem_coocorrencia
python:S3923,python,Fragmented Logics,19,1,0,19,1,567,0.0,0.0018,-0.0018,0.0,1,sem_coocorrencia
python:S3923,python,Mathematics & Natural Science,17,1,0,17,1,569,0.0,0.0018,-0.0018,0.0,1,sem_coocorrencia
python:S3923,python,Undefined Variables,28,1,0,28,1,558,0.0,0.0018,-0.0018,0.0,1,sem_coocorrencia
python:S5603,python,Algorithm,19,1,0,19,1,567,0.0,0.0018,-0.0018,0.0,1,sem_coocorrencia
python:S5603,python,Computer Theory,26,1,0,26,1,560,0.0,0.0018,-0.0018,0.0,1,sem_coocorrencia
python:S5603,python,Mathematics & Natural Science,17,1,0,17,1,569,0.0,0.0018,-0.0018,0.0,1,sem_coocorrencia
python:S5603,python,Undefined Variables,28,1,0,28,1,558,0.0,0.0018,-0.0018,0.0,1,sem_coocorrencia
python:S5756,python,Computer Theory,26,1,0,26,1,560,0.0,0.0018,-0.0018,0.0,1,sem_coocorrencia
python:S5756,python,Fragmented Logics,19,1,0,19,1,567,0.0,0.0018,-0.0018,0.0,1,sem_coocorrencia
python:S5756,python,Mathematics & Natural Science,17,1,0,17,1,569,0.0,0.0018,-0.0018,0.0,1,sem_coocorrencia
python:S5756,python,Undefined Variables,28,1,0,28,1,558,0.0,0.0018,-0.0018,0.0,1,sem_coocorrencia
python:S5806,python,Algorithm,19,1,0,19,1,567,0.0,0.0018,-0.0018,0.0,1,sem_coocorrencia
python:S5806,python,Computer Theory,26,1,0,26,1,560,0.0,0.0018,-0.0018,0.0,1,sem_coocorrencia
python:S5806,python,Fragmented Logics,19,1,0,19,1,567,0.0,0.0018,-0.0018,0.0,1,sem_coocorrencia
python:S5806,python,Mathematics & Natural Science,17,1,0,17,1,569,0.0,0.0018,-0.0018,0.0,1,sem_coocorrencia
python:S5806,python,Undefined Variables,28,1,0,28,1,558,0.0,0.0018,-0.0018,0.0,1,sem_coocorrencia
python:S5855,python,Algorithm,19,1,0,19,1,567,0.0,0.0018,-0.0018,0.0,1,sem_coocorrencia
python:S5855,python,Fragmented Logics,19,1,0,19,1,567,0.0,0.0018,-0.0018,0.0,1,sem_coocorrencia
python:S5855,python,Mathematics & Natural Science,17,1,0,17,1,569,0.0,0.0018,-0.0018,0.0,1,sem_coocorrencia
python:S5855,python,Undefined Variables,28,1,0,28,1,558,0.0,0.0018,-0.0018,0.0,1,sem_coocorrencia
python:S5869,python,Algorithm,19,1,0,19,1,567,0.0,0.0018,-0.0018,0.0,1,sem_coocorrencia
python:S5869,python,Fragmented Logics,19,1,0,19,1,567,0.0,0.0018,-0.0018,0.0,1,sem_coocorrencia
python:S5869,python,Mathematics & Natural Science,17,1,0,17,1,569,0.0,0.0018,-0.0018,0.0,1,sem_coocorrencia
python:S5869,python,Undefined Variables,28,1,0,28,1,558,0.0,0.0018,-0.0018,0.0,1,sem_coocorrencia
python:S6326,python,Algorithm,19,1,0,19,1,567,0.0,0.0018,-0.0018,0.0,1,sem_coocorrencia
python:S6326,python,Computer Theory,26,1,0,26,1,560,0.0,0.0018,-0.0018,0.0,1,sem_coocorrencia
python:S6326,python,Fragmented Logics,19,1,0,19,1,567,0.0,0.0018,-0.0018,0.0,1,sem_coocorrencia
python:S6326,python,Mathematics & Natural Science,17,1,0,17,1,569,0.0,0.0018,-0.0018,0.0,1,sem_coocorrencia
python:S6326,python,Undefined Variables,28,1,0,28,1,558,0.0,0.0018,-0.0018,0.0,1,sem_coocorrencia
python:S6395,python,Algorithm,19,1,0,19,1,567,0.0,0.0018,-0.0018,0.0,1,sem_coocorrencia
python:S6395,python,Fragmented Logics,19,1,0,19,1,567,0.0,0.0018,-0.0018,0.0,1,sem_coocorrencia
python:S6395,python,Mathematics & Natural Science,17,1,0,17,1,569,0.0,0.0018,-0.0018,0.0,1,sem_coocorrencia
python:S6395,python,Undefined Variables,28,1,0,28,1,558,0.0,0.0018,-0.0018,0.0,1,sem_coocorrencia
python:S6397,python,Algorithm,19,1,0,19,1,567,0.0,0.0018,-0.0018,0.0,1,sem_coocorrencia
python:S6397,python,Fragmented Logics,19,1,0,19,1,567,0.0,0.0018,-0.0018,0.0,1,sem_coocorrencia
python:S6397,python,Mathematics & Natural Science,17,1,0,17,1,569,0.0,0.0018,-0.0018,0.0,1,sem_coocorrencia
python:S6397,python,Undefined Variables,28,1,0,28,1,558,0.0,0.0018,-0.0018,0.0,1,sem_coocorrencia
python:S930,python,Algorithm,19,1,0,19,1,567,0.0,0.0018,-0.0018,0.0,1,sem_coocorrencia
python:S930,python,Computer Theory,26,1,0,26,1,560,0.0,0.0018,-0.0018,0.0,1,sem_coocorrencia
python:S930,python,Fragmented Logics,19,1,0,19,1,567,0.0,0.0018,-0.0018,0.0,1,sem_coocorrencia
python:S930,python,Mathematics & Natural Science,17,1,0,17,1,569,0.0,0.0018,-0.0018,0.0,1,sem_coocorrencia
python:S930,python,Undefined Variables,28,1,0,28,1,558,0.0,0.0018,-0.0018,0.0,1,sem_coocorrencia
python:S1066,python,Inconsistent Libraries,2,1,0,2,1,584,0.0,0.0017,-0.0017,0.0,1,sem_coocorrencia
python:S1066,python,Useless Statements (executed without effect),4,1,0,4,1,582,0.0,0.0017,-0.0017,0.0,1,sem_coocorrencia
python:S1066,python,Useless Statements (unexecuted),7,1,0,7,1,579,0.0,0.0017,-0.0017,0.0,1,sem_coocorrencia
python:S1192,python,Inconsistent Libraries,2,1,0,2,1,584,0.0,0.0017,-0.0017,0.0,1,sem_coocorrencia
python:S1192,python,Useless Statements (executed without effect),4,1,0,4,1,582,0.0,0.0017,-0.0017,0.0,1,sem_coocorrencia
python:S1192,python,Useless Statements (unexecuted),7,1,0,7,1,579,0.0,0.0017,-0.0017,0.0,1,sem_coocorrencia
python:S1656,python,Inconsistent Libraries,2,1,0,2,1,584,0.0,0.0017,-0.0017,0.0,1,sem_coocorrencia
python:S1656,python,Useless Statements (executed without effect),4,1,0,4,1,582,0.0,0.0017,-0.0017,0.0,1,sem_coocorrencia
python:S1656,python,Useless Statements (unexecuted),7,1,0,7,1,579,0.0,0.0017,-0.0017,0.0,1,sem_coocorrencia
python:S1862,python,Inconsistent Libraries,2,1,0,2,1,584,0.0,0.0017,-0.0017,0.0,1,sem_coocorrencia
python:S1862,python,Useless Statements (executed without effect),4,1,0,4,1,582,0.0,0.0017,-0.0017,0.0,1,sem_coocorrencia
python:S1862,python,Useless Statements (unexecuted),7,1,0,7,1,579,0.0,0.0017,-0.0017,0.0,1,sem_coocorrencia
python:S2275,python,Inconsistent Libraries,2,1,0,2,1,584,0.0,0.0017,-0.0017,0.0,1,sem_coocorrencia
python:S2275,python,Useless Statements (executed without effect),4,1,0,4,1,582,0.0,0.0017,-0.0017,0.0,1,sem_coocorrencia
python:S2275,python,Useless Statements (unexecuted),7,1,0,7,1,579,0.0,0.0017,-0.0017,0.0,1,sem_coocorrencia
python:S3358,python,Inconsistent Libraries,2,1,0,2,1,584,0.0,0.0017,-0.0017,0.0,1,sem_coocorrencia
python:S3358,python,Useless Statements (executed without effect),4,1,0,4,1,582,0.0,0.0017,-0.0017,0.0,1,sem_coocorrencia
python:S3358,python,Useless Statements (unexecuted),7,1,0,7,1,579,0.0,0.0017,-0.0017,0.0,1,sem_coocorrencia
python:S3457,python,Inconsistent Libraries,2,1,0,2,1,584,0.0,0.0017,-0.0017,0.0,1,sem_coocorrencia
python:S3457,python,Useless Statements (executed without effect),4,1,0,4,1,582,0.0,0.0017,-0.0017,0.0,1,sem_coocorrencia
python:S3457,python,Useless Statements (unexecuted),7,1,0,7,1,579,0.0,0.0017,-0.0017,0.0,1,sem_coocorrencia
python:S3923,python,Inconsistent Libraries,2,1,0,2,1,584,0.0,0.0017,-0.0017,0.0,1,sem_coocorrencia
python:S3923,python,Useless Statements (executed without effect),4,1,0,4,1,582,0.0,0.0017,-0.0017,0.0,1,sem_coocorrencia
python:S3923,python,Useless Statements (unexecuted),7,1,0,7,1,579,0.0,0.0017,-0.0017,0.0,1,sem_coocorrencia
python:S5603,python,Inconsistent Libraries,2,1,0,2,1,584,0.0,0.0017,-0.0017,0.0,1,sem_coocorrencia
python:S5603,python,Useless Statements (executed without effect),4,1,0,4,1,582,0.0,0.0017,-0.0017,0.0,1,sem_coocorrencia
python:S5603,python,Useless Statements (unexecuted),7,1,0,7,1,579,0.0,0.0017,-0.0017,0.0,1,sem_coocorrencia
python:S5756,python,Inconsistent Libraries,2,1,0,2,1,584,0.0,0.0017,-0.0017,0.0,1,sem_coocorrencia
python:S5756,python,Useless Statements (executed without effect),4,1,0,4,1,582,0.0,0.0017,-0.0017,0.0,1,sem_coocorrencia
python:S5756,python,Useless Statements (unexecuted),7,1,0,7,1,579,0.0,0.0017,-0.0017,0.0,1,sem_coocorrencia
python:S5806,python,Inconsistent Libraries,2,1,0,2,1,584,0.0,0.0017,-0.0017,0.0,1,sem_coocorrencia
python:S5806,python,Useless Statements (executed without effect),4,1,0,4,1,582,0.0,0.0017,-0.0017,0.0,1,sem_coocorrencia
python:S5806,python,Useless Statements (unexecuted),7,1,0,7,1,579,0.0,0.0017,-0.0017,0.0,1,sem_coocorrencia
python:S5855,python,Inconsistent Libraries,2,1,0,2,1,584,0.0,0.0017,-0.0017,0.0,1,sem_coocorrencia
python:S5855,python,Useless Statements (executed without effect),4,1,0,4,1,582,0.0,0.0017,-0.0017,0.0,1,sem_coocorrencia
python:S5855,python,Useless Statements (unexecuted),7,1,0,7,1,579,0.0,0.0017,-0.0017,0.0,1,sem_coocorrencia
python:S5869,python,Inconsistent Libraries,2,1,0,2,1,584,0.0,0.0017,-0.0017,0.0,1,sem_coocorrencia
python:S5869,python,Useless Statements (executed without effect),4,1,0,4,1,582,0.0,0.0017,-0.0017,0.0,1,sem_coocorrencia
python:S5869,python,Useless Statements (unexecuted),7,1,0,7,1,579,0.0,0.0017,-0.0017,0.0,1,sem_coocorrencia
python:S6326,python,Inconsistent Libraries,2,1,0,2,1,584,0.0,0.0017,-0.0017,0.0,1,sem_coocorrencia
python:S6326,python,Useless Statements (executed without effect),4,1,0,4,1,582,0.0,0.0017,-0.0017,0.0,1,sem_coocorrencia
python:S6326,python,Useless Statements (unexecuted),7,1,0,7,1,579,0.0,0.0017,-0.0017,0.0,1,sem_coocorrencia
python:S6395,python,Inconsistent Libraries,2,1,0,2,1,584,0.0,0.0017,-0.0017,0.0,1,sem_coocorrencia
python:S6395,python,Useless Statements (executed without effect),4,1,0,4,1,582,0.0,0.0017,-0.0017,0.0,1,sem_coocorrencia
python:S6395,python,Useless Statements (unexecuted),7,1,0,7,1,579,0.0,0.0017,-0.0017,0.0,1,sem_coocorrencia
python:S6397,python,Inconsistent Libraries,2,1,0,2,1,584,0.0,0.0017,-0.0017,0.0,1,sem_coocorrencia
python:S6397,python,Useless Statements (executed without effect),4,1,0,4,1,582,0.0,0.0017,-0.0017,0.0,1,sem_coocorrencia
python:S6397,python,Useless Statements (unexecuted),7,1,0,7,1,579,0.0,0.0017,-0.0017,0.0,1,sem_coocorrencia
python:S930,python,Inconsistent Libraries,2,1,0,2,1,584,0.0,0.0017,-0.0017,0.0,1,sem_coocorrencia
python:S930,python,Useless Statements (executed without effect),4,1,0,4,1,582,0.0,0.0017,-0.0017,0.0,1,sem_coocorrencia
python:S930,python,Useless Statements (unexecuted),7,1,0,7,1,579,0.0,0.0017,-0.0017,0.0,1,sem_coocorrencia
