type,auc_grouped_cv,auc_cross_model,n_pos
"Algorithm",0.6038330229671012,0.6438407095858267,60
"Behavior Conflicting",0.5743080565559557,0.5992463697252894,420
"Common Sense",,,3
"Computer Theory",0.5367191943524373,0.6074316271789676,27
"Data Conflicting",0.639178966789668,0.7030884538389615,50
"Fragmented Logics",0.5190390621657468,0.6382486928034576,21
"Inconsistent Libraries",,,2
"Library/Project",0.5390820829655781,0.5358636264871841,309
"Mathematics & Natural Science",0.5267523302964875,0.565371648307556,17
"Undefined Variables",0.5890551391862955,0.5828828773729329,200
"Useless Statements (executed without effect)",0.5326341870602733,0.458947556770807,71
"Useless Statements (unexecuted)",0.31106604132336163,,7
